img, downloaded
16/10528/25407.jpg, 1
16/10530/25407.jpg, 1
16/10529/25407.jpg, 1
16/10528/25408.jpg, 1
16/10531/25407.jpg, 1
16/10528/25409.jpg, 1
16/10532/25407.jpg, 1
16/10528/25411.jpg, 1
16/10528/25410.jpg, 1
16/10528/25412.jpg, 1
16/10529/25409.jpg, 1
16/10529/25408.jpg, 1
16/10529/25410.jpg, 1
16/10529/25411.jpg, 1
16/10529/25412.jpg, 1
16/10530/25408.jpg, 1
16/10530/25409.jpg, 1
16/10530/25410.jpg, 1
16/10531/25409.jpg, 1
16/10531/25408.jpg, 1
16/10530/25411.jpg, 1
16/10531/25410.jpg, 1
16/10530/25412.jpg, 1
16/10531/25412.jpg, 1
16/10532/25408.jpg, 1
16/10532/25409.jpg, 1
16/10531/25411.jpg, 1
16/10532/25410.jpg, 1
16/10532/25412.jpg, 1
16/10532/25411.jpg, 1
